Student Code,Student Name
0,Amber Walls
1,Will Guerra
2,Brain Harrington
3,Chelsea Riddle
4,Etta Osborne
5,Della Booth
6,Marisol Lawson
7,Catalina Chaney
8,Melanie Mcguire
9,Johnathan Kaiser
10,Anderson Glass
11,Adolfo Hanson
12,Shannon Decker
13,Fredric Norman
14,Arlene Day
15,Gabriel Mueller
16,Patricia Valenzuela
17,Juliet Wallace
18,Lyle Vega
19,Brandon Dyer
20,Jordon Fischer
21,Claudette Forbes
22,Antwan Stevenson
23,Rhoda Rosario
24,Jermaine Moreno
25,Keri Shea
26,Amparo Wells
27,Maximo Michael
28,Cyril Dawson
29,Hoyt Howe
30,Hong Khan
31,Leland Villarreal
32,Rosanna Potter
33,Stacie Johnston
34,Adrian Walton
35,Evangeline Ball
36,Callie Hernandez
37,Hilton Matthews
38,Shauna Dorsey
39,Candice Conner
40,Archie Erickson
41,Claudia Meyers
42,Roslyn Norton
43,Wilber Rocha
44,Carlton Dennis
45,Anthony Marks
46,Lenny Berry
47,Carolina Salinas
48,Hans Pope
49,Graig Lucero
50,Abram Stephenson
51,Alexandra Nolan
52,Beau Reynolds
53,Dana Ellis
54,Vera Rocha
55,Enid Mayer
56,Suzette Luna
57,Shelton Valentine
58,Inez Alvarado
59,Christian Horton
60,Alfredo Oliver
61,Estela Cantu
62,Clare Sosa
63,Tad Page
64,Boyd Conrad
65,Alvaro Strickland
66,Cecelia Hammond
67,Darcy Rojas
68,Mohammed Wong
69,Kelly Steele
70,Sammie Farley
71,Joyce Cantrell
72,Alonso Mullen
73,Ana Kennedy
74,Alphonso Shelton
75,Naomi Skinner
76,Rudolf Chung
77,Audra Serrano
78,Ronald Mcgee
79,Rosanne Bowman
80,Armando Barrett
81,Darin Cummings
82,Margret Hall
83,Fred Meadows
84,Minnie Johns
85,Lauri Buckley
86,Francis Dunlap
87,Jamaal Marsh
88,Rolland Velazquez
89,Thelma Woodward
90,Kayla Warner
91,Nicky Stafford
92,Brandy Kane
93,Lorie Bradley
94,Joe Valenzuela
95,Bertie Guerrero
96,Roosevelt Leon
97,Jerrell Beltran
98,Dewey Schmidt
99,Tyson Stone
100,Anton Stark
101,Susana Fletcher
102,Chad Gillespie
103,Pat Grimes
104,Diana Andersen
105,Trey Poole
106,Ellen Kirk
107,Peter Lynch
108,Leticia Ponce
109,Clayton Green
110,Bernadette Davis
111,Mavis Brennan
112,Carla Huang
113,Norma Delgado
114,Chang Small
115,Briana Mckee
116,Isaias Chan
117,Huey Trevino
118,Heriberto Donovan
119,Walker Lyons
120,Hank Cervantes
121,Elliot Diaz
122,Tory Sims
123,Glenn Mcbride
124,Hope Morton
125,Cathleen Haley
126,Genevieve Conley
127,Dexter Barber
128,Margarito Benton
129,Howard Bender
130,Andre Mcintyre
131,Paris Lewis
132,Dollie Glenn
133,Herbert Moreno
134,Gonzalo Maxwell
135,Letha Farmer
136,Ahmad Hensley
137,Ivy Powell
138,Zachariah Lee
139,Faye Proctor
140,Gail Baker
141,Edith Winters
142,Melissa Herman
143,Ward Carson
144,Joann Charles
145,Gale Berry
146,Darryl Garner
147,Leonardo Turner
148,Terrell Bond
149,Roland Lutz
150,Federico Charles
151,Demetrius Shea
152,Pedro Maynard
153,Jackson Watts
154,Isreal Key
155,Diego Lewis
156,Sanford Hill
157,Natasha Frank
158,Hilton Curtis
159,Chrystal Jefferson
160,Quinton Mejia
161,Elmo Marquez
162,Del Stein
163,Luke Richardson
164,Normand Cardenas
165,Lloyd Davis
166,Jonas Vincent
167,Aldo Pugh
168,Matthew Leblanc
169,Marion Hensley
170,Carroll Meza
171,Angelia Craig
172,Juliana Ayala
173,Traci Chase
174,Dallas Davies
175,Gladys Bell
176,Linda Mullins
177,Sebastian Larsen
178,Margaret Wagner
179,Sasha Stewart
180,Graig Bean
181,Gertrude Waters
182,Wilford Long
183,Rhea Galvan
184,Flossie Stevenson
185,Beverly English
186,Cassandra Riley
187,Cedric Church
188,Johanna Wade
189,Willian Parker
190,Rico Page
191,Krista Garrett
192,Crystal Yates
193,Landon Baker
194,Corey Robles
195,Ryan Saunders
196,Alec Mueller
197,Francesco Henry
198,Ralph Carlson
199,Meghan Goodman
200,Lessie Olsen
201,Bessie Henson
202,Madeline Bowen
203,Antwan Copeland
204,Maribel Hanson
205,Alyssa Farrell
206,Harry Stanton
207,Charlene Leonard
208,Grace Garcia
209,Fran Anthony